, 股票代號, 股票名稱
1,2330,台積電
2,2891,中信金           
3,2002,中國鋼鐵         
4,2883,開發金
5,2317,鴻海 
6,2886,兆豐金 
7,5880,合庫金控
8,2882,國泰金           
9,2888,新光金          
10,2880,華南金
11,2892,第一金
12,2884,玉山金
13,2303,聯電
14,2885,元大金 
15,2890,永豐金控
16,2887,台新金          
17,2801,彰銀
18,2881,富邦金           
19,3481,群創光電
20,2409,友達
21,6505,台塑化
22,1303,南亞塑膠
23,2412,中華電信
24,2834,台灣企銀
25,1301,台灣塑膠
26,1326,台灣化纖
27,1101,臺灣水泥        
28,1216,統一企業
29,2610,華航
30,1402,遠東新
31,2618,長榮航
32,2603,長榮
33,2823,中國人壽 
34,5876,上海商銀
35,2324,仁寶
36,3711,日月光投控
37,2812,台中商銀
38,2344,華邦電
39,2382,廣達
40,3682,亞太電信
41,2356,英業達
42,3045,台灣大哥大
43,2845,遠東商銀
44,1102,亞洲水泥
45,1314,中石化
46,4904,遠傳 
47,2105,正新橡膠
48,1605,華新麗華
49,2408,南亞科
50,2838,聯邦銀行        
51,2353,宏
52,6116,彩晶
53,9904,寶成工業 
54,1802,臺灣玻璃 
55,2889,國票金 
56,3231,緯創
57,2897,王道銀行       -  
58,3576,聯合再生
59,2633,台灣高鐵
60,4938,和碩
61,2308,台達電 
62,2867,三商壽 
63,2301,光寶科
64,2371,大同
65,2615,萬海
66,6005,群益證
67,2609,陽明
68,1504,東元電機
69,2352,佳世達
70,2023,燁輝
71,2337,旺宏
72,2923,鼎固-KY
73,1434,福懋 
74,3702,大聯大          
75,2347,聯強
76,1907,永豐餘
77,2027,大成鋼
78,1440,台南紡織 
79,2511,太子
80,1718,中國人纖
81,1409,新光合纖
82,2454,聯發科
83,9907,統一實業 
84,2515,中工
85,9945,潤泰新 
86,3037,欣興
87,2849,安泰商銀
88,2312,金寶 
89,2014,中鴻 
90,2903,遠東百貨
91,2354,鴻準
92,2855,統一證券
93,5871,中租-KY
94,2820,華票
95,1313,聯成
96,2542,興富發
97,1229,聯華
98,1909,榮成紙業
99,1717,長興
100,2449,京元電子
101,3706,神達
102,2313,華通 
103,1304,台灣聚合
104,2504,國產
105,2501,國建 
106,2323,中環
107,2809,京城銀
108,1904,正隆 
109,1905,中華紙漿
110,2448,晶電
111,2836,高雄銀行
112,2607,榮運
113,2912,統一超商
114,1714,和桐化學 
115,2006,東和鋼鐵  
116,2201,裕隆汽車 
117,2104,國際中橡
118,1722,台灣肥料 
119,5531,鄉林建設
120,1444,力麗
121,4958,臻鼎-KY
122,2634,漢翔
123,1227,佳格食品
124,1447,力鵬
125,2106,建大工業
126,2905,三商 
127,1312,國喬石化        
128,2547,日勝生
129,1710,東聯化學
130,9910,豐泰企業
131,2606,裕民-
132,2377,微星
133,2101,南港輪胎   
134,1210,大成長城
135,2103,台橡
136,3703,欣陸
137,4414,如興 
138,2498,宏達電
139,2489,瑞軒
140,3049,和鑫
141,2206,三陽工業 
142,1789,台灣神隆
143,3036,文曄            
144,5522,遠雄建設
145,6239,力成
146,1103,嘉新水泥
147,2395,研華
148,9933,中鼎 
149,2474,可成
150,2841,台開
151,2637,慧洋-KY
152,2357,華碩
153,2385,群光
154,9940,信義房屋 
155,8150,南茂
156,2913,臺灣農林
157,2505,國揚
158,2349,錸德
159,2601,益航
160,2362,藍天
161,4960,誠美材料
162,6120,達運
163,1104,環球水泥
164,2332,友訊
165,2010,春源鋼鐵  
166,8046,南電
167,2376,技嘉
168,1608,華榮
169,2363,矽統
170,2367,燿華
171,3034,聯詠
172,1609,大亞電纜 
173,2401,凌陽
174,1319,東陽
175,2851,中再保
176,8926,台汽電
177,3005,神基
178,2605,新興
179,1308,亞聚
180,2015,豐興鋼鐵
181,1110,東南水泥 
182,4306,炎洲
183,2441,超豐
184,2915,潤泰全球  
185,2345,智邦
186,2539,櫻花建
187,2331,精英
188,2329,華泰
189,2614,東森
190,6153,嘉聯益 
191,2204,中華汽車-
192,1305,華夏塑膠
193,1455,集盛 
194,1711,永光化學
195,2368,金像
196,2207,和泰汽車 
197,2007,燁興
198,5469,瀚宇博德
199,1310,臺灣苯乙烯
200,3044,健鼎
201,1503,士林電機
202,2530,華建 
203,2328,廣宇-
204,6282,康舒
205,9908,大台北瓦斯
206,6191,精成科技
207,6592,和潤企業 
208,2392,正崴
209,2379,瑞昱
210,2908,特力 
211,1460,宏遠 
212,8110,華東科技
213,1201,味全食品-
214,4532,瑞智
215,2520,冠德
216,1218,泰山
217,2706,第一店 
218,2327,國巨
219,1217,愛之味
220,2388,威盛
221,2108,南帝化工
222,2492,華新科
223,2022,聚亨
224,1709,和益化工
225,2534,宏盛
226,2102,泰豐輪胎 
227,2208,台船公司
228,2608,嘉里大榮 
229,6176,瑞儀
230,9917,中保科 
231,4915,致伸
232,3189,景碩
233,2701,萬企
234,5521,工信
235,6443,元晶
236,2393,億光
237,8131,福懋科技
238,3380,明泰
239,8105,凌巨
240,3704,合勤控
241,2538,基泰 
242,2034,允強
243,1806,冠軍
244,3698,隆達電子
245,4142,國光生技
246,2451,創見
247,6257,矽格
248,2360,致茂
249,1712,興農
250,1513,中興電工
251,2617,台航
252,5264,鎧勝-
253,1507,永大機電
254,3673,TPK-KY
255,1108,幸福水泥 
256,1234,黑松-
257,1307,三芳化工 
258,6285,啟
259,2355,敬鵬-
260,2514,龍邦國際 
261,6412,群光電能 
262,3532,台勝科
263,9925,新保
264,1604,聲寶
265,2506,太設
266,1464,得力 
267,6177,達麗
268,2369,菱生
269,2340,光磊
270,8112,至上
271,4919,新唐科技
272,1532,勤美
273,9921,巨大機械 
274,2524,京城
275,1808,潤隆 
276,1810,和成欣業
277,3033,威健
278,2704,國賓
279,2832,台灣產物
280,2009,第一伸銅
281,1459,聯發紡織  
282,9934,成霖
283,4906,正文
284,3017,奇鋐
285,3266,昇陽
286,6269,台郡
287,1309,台達化
288,2405,浩鑫
289,2107,厚生  
290,1109,信大水泥
291,2017,官田鋼 
292,6456,GIS-KY
293,2457,飛宏
294,6213,聯茂
295,2383,台光電
296,2481,強茂 
297,2536,宏普 
298,2109,華豐橡膠 
299,9941,裕融            
300,2535,達欣工 
301,2049,上銀科技
302,3062,建漢
303,2545,皇翔 
304,2028,威致 
305,1442,名軒
306,1611,中國電器
307,1219,福壽
308,2029,盛餘  
309,8215,明基材料
310,2485,兆赫
311,1612,宏泰電工 
312,2850,新光產險 
313,8404,百和興業- 
314,1522,堤維西
315,6541,泰福-
316,6251,定穎電子
317,3042,晶技
318,9937,全國加油站
319,2402,毅嘉
320,2031,新光鋼鐵  
321,9905,大華金屬
322,2458,義隆
323,1736,喬山
324,1457,宜進 
325,2852,第一保 
326,2426,鼎元
327,2537,聯上開發 
328,1419,新光紡織
329,2227,裕日車
330,9914,美利達
331,1701,中國化學
332,9938,百和 
333,5007,三星科技 
334,1702,南僑投控
335,8464,億豐 
336,6278,台表科
337,5534,長虹 
338,9939,宏全 
339,2012,春雨工廠 
340,2406,國碩
341,3006,晶豪科
342,5533,皇鼎建設
343,2374,佳能
344,3019,亞洲光學
345,2030,彰源
346,8163,達方電子
347,1536,和大
348,3059,華晶科
349,5608,四維航 
350,3016,嘉晶
351,3024,憶聲
352,2548,華固
353,1476,儒鴻企業
354,2495,普安
355,8213,志超
356,2527,宏璟 
357,6214,精誠
358,1614,三洋電機
359,1337,再生- 
360,6142,友勁
361,1215,卜蜂企業
362,3705,永信
363,5525,順天
364,1519,華城電機
365,1903,士林紙業 
366,2450,神腦
367,2456,奇力新
368,5515,建國 
369,4526,東台
370,2338,光罩
371,2421,建準
372,5388,中磊
373,3035,智原
374,9930,中聯資源
375,3712,永崴投控
376,2543,皇昌 
377,1618,合機電纜-
378,2442,新美齊
379,1203,味王 
380,1723,中鋼碳素
381,3030,德律
382,2373,震旦行
383,3023,信邦
384,3010,華立
385,5607,遠雄港 
386,2419,仲琦
387,3052,夆典
388,1708,東鹼
389,2314,台揚
390,1517,利奇機械 
391,1321,大洋
392,2516,新建 
393,6202,盛群
394,6139,亞翔  
395,2509,全坤建
396,2365,昆盈
397,2816,旺旺保險 
398,3048,益登
399,2020,美亞 
400,9911,台灣櫻花 
401,1414,東和紡織 
402,1477,聚陽
403,5519,隆大
404,1225,福懋油脂
405,9958,世紀鋼
406,6166,凌華
407,1514,亞力電機
408,1721,三晃 
409,2390,云辰
410,3028,增你強
411,6024,群益期
412,3545,敦泰
413,2439,美律
414,3056,總太地產
415,9927,泰銘
416,8039,台虹
417,2906,高林實業
418,2910,統領百貨
419,3596,智易科技
420,6168,宏齊 
421,2305,全友
422,1437,勤益控
423,2486,一詮-
424,2008,高興昌
425,1737,臺鹽
426,2013,中鋼構
427,4934,太極能源
428,1528,恩德科技
429,2477,美隆電
430,1451,年興紡織 
431,2612,中航
432,2387,精元
433,2464,盟立
434,5907,大洋-KY
435,9919,康那香
436,3041,揚智
437,1616,億泰電纜
438,2417,圓剛
439,3376,新日興
440,1603,中華電纜
441,2404,漢唐
442,3701,大眾控
443,1417,嘉裕
444,4927,泰鼎-KY
445,3209,全科科技
446,1590,亞德客-KY
447,9924,臺灣福興  
448,6115,鎰勝-KY
449,3149,正達國際-KY
450,3015,全漢
451,6196,帆宣
452,2705,六福
453,3047,訊舟
454,9802,鈺齊-KY 
455,8429,金麗-KY
456,1416,廣豐實業
457,2476,鉅祥
458,2455,全新
459,2911,麗嬰房
460,1316,上曜 
461,2427,三商電
462,1531,高林股
463,1231,聯華食品  
464,2316,楠梓電
465,2351,順德 
466,2528,皇普
467,1725,元禎
468,5434,崇越
469,3031,佰鴻
470,1515,力山工業
471,4564,元翎
472,6288,聯嘉光電
473,2038,海光企業
474,9918,欣天然
475,2723,美食-KY
476,1773,勝一化工
477,9926,新海瓦斯
478,3494,誠研
479,6189,豐藝
480,6271,同欣電子
481,1720,生達化學
482,3090,日電貿
483,2399,映泰
484,2436,偉詮電
485,1220,台榮
486,3022,威強電
487,8411,福貞-KY
488,6669,緯穎
489,1463,強盛染整
490,2611,志信
491,4426,利勤實業 
492,2359,所羅門
493,9935,慶豐富 
494,6235,華孚科技
495,2460,建通
496,5243,乙盛-KY
497,1467,南緯-KY
498,5538,東明-KY 
499,5471,松翰
500,6152,百一
501,1734,杏輝藥品
502,1809,中國製釉 
503,4961,天鈺
504,2430,燦坤
505,2302,麗正
506,6605,帝寶
507,1524,耿鼎
508,4108,懷特
509,1506,正道
510,6209,今國光學
511,2062,橋椿金屬
512,2380,虹光
513,3038,全台
514,1726,永記造漆
515,3058,立德
516,2414,精技
517,3014,聯陽
518,1468,昶和纖維 
519,1232,大統益
520,6108,競國實業 
521,2484,希華
522,2461,光群雷 
523,6184,大豐電  
524,3026,禾伸堂  
525,4943,康控-KY
526,2069,運錩鋼鐵
527,2466,冠西電
528,2342,茂矽
529,3321,同泰電子
530,3013,晟銘電
531,4141,龍燈-KY
532,3003,健和興
533,4989,榮科
534,1340,勝悅-KY
535,2420,新巨
536,3622,洋華
537,4164,承業生醫
538,1906,寶隆
539,1713,國泰化工 
540,6183,關貿網路-KY
541,8463,潤泰精材
542,2467,志聖 
543,6579,研揚
544,2613,中櫃
545,9943,好樂迪
546,1473,台南企業
547,2540,愛山林-KY 
548,2472,立隆電
549,3050,鈺德-KY
550,3450,聯鈞
551,2423,固緯
552,2478,大毅-KY
553,3437,榮創
554,2433,互盛電
555,1617,榮星電線
556,6206,飛捷
557,4942,嘉彰 
558,8021,尖點
559,4104,佳醫
560,1560,中砂
561,8454,富邦媒
562,1435,中福國際
563,1626,艾美特-KY
564,2440,太空梭 
565,1315,達新工業
566,1527,鑽全
567,1423,利華羊毛 
568,1446,宏和紡織 
569,8011,台通光電
570,3060,銘異 
571,2616,山隆
572,1707,葡萄王 
573,2375,凱美
574,1443,立益紡織
575,2597,潤弘精密
576,8473,山林水 
577,4930,燦星網 
578,3008,大立光
579,6283,淳安電子
580,3443,創意
581,3694,海華
582,1731,美吾華
583,1452,宏益纖維 
584,8028,昇陽半導體
586,2630,亞洲航空
587,6670,復盛應用
588,4935,茂林-KY
589,3645,達邁科技
590,1445,大宇紡織
591,3665,貿聯-KY
592,2032,新鋼工業
593,1474,弘裕
594,1454,臺灣富綢
595,6525,捷敏-KY
596,6141,柏承科技
597,2428,興勤
598,1724,台硝
599,6128,上福
600,2707,晶華酒店
601,2413,環科
602,2636,台驊投控3
603,8249,菱光科技
604,3029,零壹 
605,3312,弘憶股
606,6464,台數科 
607,1535,中宇
608,1582,信錦
609,1615,大山電纜 
610,3591,艾笛森 
611,3605,宏致電子
612,6112,聚碩
613,6197,佳必琪
614,6743,安普新
615,2231,為升
616,3607,谷崧精密
617,3653,健策
618,1598,岱宇
619,8210,勤誠興業
620,3515,華擎
621,4766,南寶 
622,3419,譁裕
623,8016,矽創
624,6277,宏正
625,4976,佳凌科技
626,2497,怡利電-KY
627,4576,大銀微系統
628,3305,昇貿科技
629,3501,維熹科技 
630,2239,英利-KY 
631,6133,金橋 
632,4552,力達-KY
633,6136,富爾特
634,6226,光鼎電子 
635,2397,友通
636,2493,揚博
637,3504,揚明光 
638,2462,良得電
639,3011,今皓
640,2739,寒舍  
641,2722,夏都
642,8341,日友
643,3406,玉晶光
644,6581,鋼聯
645,1466,聚隆纖維
646,1592,英瑞-KY
647,2431,聯昌 
648,4994,傳奇-KY
649,1589,永冠-KY
650,2702,華園
651,8482,商億-KY
652,9931,欣高 
653,1583,程泰
654,4551,智伸科技 
655,2929,淘帝-KY
656,8033,雷虎
657,9944,新麗
658,2483,百容
659,8422,可寧衛
660,4952,凌通科技
661,1236,宏亞食品 
662,4746,台耀化學
663,1727,中華化
664,6477,安集
665,6192,巨路
666,6451,訊芯-KY
667,2480,敦陽科
668,6582,申豐 
669,2546,根基
670,2459,敦吉
671,2444,兆勁
672,2712,遠雄來
673,1235,興泰 
674,8427,基勝-KY
675,1465,偉全
676,3533,嘉澤
677,4438,廣越
678,3032,偉訓
679,9955,佳龍
680,1568,倉佑
681,4739,康普
682,5234,達興材料
683,3055,蔚華科
684,1438,三地開發地產
685,1413,宏洲纖維
686,3002,歐格
687,2425,承啟
688,9929,秋雨創新
689,8271,宇瞻
690,1441,大東紡織 
691,4755,三福化 
692,1453,大將 
693,4956,光鋐科技
694,4722,國精化學
695,6164,華興電子
696,2453,凌群
697,1733,五鼎
698,1735,日勝化工
699,6281,全國電
700,3027,盛達
701,3308,聯德電子
702,1533,車王電
703,9902,台火開發
704,2024,志聯工業 
705,2348,海悅
706,3296,勝德
707,1530,亞崴電機
708,1529,樂士
709,1436,華友聯  
710,2642,宅配通
711,2059,川湖 
712,2438,翔耀
713,4155,訊映 
714,4540,全球傳動 
715,5285,界霖 
716,3021,鴻名企業
717,1456,怡華
718,3708,上緯投控
719,6414,樺漢
720,3669,圓展科技
721,6415,矽力-KY
722,1439,中和羊毛 
723,1323,永裕
724,8478,東哥遊艇
725,4536,拓凱
726,1233,天仁 
727,2115,六暉-KY 
728,3543,州巧
729,3356,奇偶科技
730,5258,虹堡
731,4720,德淵企業 
732,8996,高力
733,1795,美時 
734,8374,羅昇 
735,6201,亞弘電
736,6117,迎廣 
737,3054,立萬利
738,3338,泰碩
739,6409,旭隼
740,3454,晶睿
741,6558,興能高
742,6155,鈞寶電子
743,6216,居易 
744,6230,超眾
745,3164,景岳生技
746,8081,致新
747,1470,大統新創
748,1540,喬福機械
749,1325,琱j
750,3550,聯穎
751,2241,艾姆勒
752,3094,聯傑國際
753,6449,鈺邦
754,3057,喬鼎
755,1338,廣華-KY
756,4916,事欣科
757,4106,雃博
758,9906,欣巴巴  
759,9942,茂順 
760,6552,易華電
761,6215,和椿
762,3413,京鼎
763,5203,訊連
764,1449,佳和實業 
765,1537,廣隆光電 
766,6598,ABC-KY
767,8261,富鼎先進
768,1597,直得
769,3583,辛耘
770,8367,建新國際
771,3617,碩天
772,3518,柏騰 
773,2247,汎德永業
774,2033,佳大世界 
775,6573,虹揚-KY
776,1805,寶徠建設
777,3346,麗清 
778,3167,大量科技 
779,5546,永固-KY
780,6224,聚鼎科技
781,8072,陞泰科技 
782,2415,錩新 
783,2488,漢平
784,2358,廷鑫
785,4137,麗豐-KY
786,4119,旭富
787,3535,晶彩科
788,8103,瀚荃
789,1541,錩泰 
790,3530,晶相光
791,1762,中化合成
792,2491,吉祥全
793,4545,銘鈺
794,2727,王品
795,1760,寶齡富錦
796,2936,客思達-KY
797,1521,大億
798,2228,劍麟
799,6655,科定
800,2748,雲品
801,4764,雙鍵
802,1324,地球
803,1432,大魯閣
804,6243,迅杰
805,8114,振樺電子
806,4999,鑫禾科技
807,1339,昭輝
808,6531,愛普科技 
809,8462,柏文 
810,3018,同開 
811,1525,江申
812,4967,十銓
813,6416,瑞祺電通
814,2901,欣欣大眾 
815,5283,禾聯碩
816,3257,虹冠電
817,6504,南六 
818,1817,凱撒衛浴
819,3557,嘉威
820,6205,詮欣
821,6672,騰輝電子-KY
822,3025,星通
823,2114,鑫永銓
824,1776,展宇科技
825,6491,晶碩
826,2731,雄獅旅遊
827,2468,華經
828,1783,和康生
829,6442,光紅建聖
830,5269,祥碩科技
831,2904,匯僑
832,4977,眾達-KY
833,8222,寶一科技 
834,6668,中揚光 
835,5484,慧友
836,4560,強信-KY 
837,1342,八貫 
838,8104,錸寶科技
839,4562,穎漢
840,6756,威鋒電子
841,8488,吉源-KY
842,8940,新天地 
843,4566,時碩工業 
844,5706,鳳凰旅遊 
845,6674,鋐寶科技
846,4555,台灣氣立
847,8443,阿瘦
848,6706,惠特
849,8481,政伸
850,3432,台端 
851,6698,旭暉應材
852,8466,美(吉吉)-KY
853,6754,匯僑設計 
854,5288,豐祥-KY
855,6405,悅城
856,3528,安馳科技
857,1539,巨庭機械
858,1587,吉茂
859,4148,全宇生技-KY
860,8070,長華電材 
861,1730,花仙子
862,4968,立積
863,3593,力銘科技
864,3040,遠見
865,1410,南洋染整
866,3679,新至陞科技
867,8201,無敵科技
868,2482,連宇
869,3661,世芯-KY
870,4737,華廣
871,5225,東科-KY
872,1786,科妍
873,4190,佐登-KY
874,6671,三能-KY -KY
875,4133,亞諾法
876,1558,伸興 
877,3416,融程電
878,2233,宇隆
879,1526,日馳
880,3311,閎暉
881,8442,威宏-KY
882,5215,科嘉-KY 
883,6715,嘉基
884,9912,偉聯科技
885,2465,麗臺
886,3004,豐達科技
887,8499,鼎炫-KY 
888,4763,材料-KY
889,6431,光麗-KY
890,6165,捷泰
891,8467,波力-KY  
892,1341,富林-KY-KY
893,3588,通嘉
894,4571,鈞興-KY
895,6666,羅麗芬-KY
896,2471,資通
897,4912,聯德控股-KY
898,3138,耀登
899,2236,百達-KY
900,2243,宏旭-KY
901,6625,必應
902,3563,牧德
903,5284,jpp-KY
904,6533,晶心科
905,1732,毛寶 
906,4557,永新-KY
907,8480,泰昇-KY
908,4807,日成-KY
909,4572,駐龍
910,3046,建
911,1516,川飛
912,6641,基士德-KY
913,4581,光隆精密-KY
914,1256,鮮活果汁-KY
915,3130,一零四104 
916,4439,冠星-KY 
917,6591,動力-KY 
918,6172,互億
919,2496,卓越成功
920,2424,隴華 
16,5820,日盛金控
2,5347,世界先進
12,8069,元太
25,8415,大國鋼
103,5512,力麒建設
46,4157,太景-KY
15,6147,頎邦科技
147,6016,康和證券
6,5483,中美晶
45,6182,合晶科技
33,1785,光洋科技
47,3264,欣銓科技
106,5009,榮剛材料
20,4123,晟德
378,6287,元隆電子
1,6488,環球晶
49,5371,中強光電
19,4128,中天生技
3,3105,穩懋
32,5530,龍巖
174,1815,富喬
44,6548,長科
4,4743,合一
56,6244,茂迪
53,2035,唐榮公司
142,5213,亞昕
304,6015,宏遠證券
542,5304,鼎創達
87,3707,漢磊投控
132,6021,大慶證券
234,4707,磐亞
76,4167,松瑞藥
50,6023,元大期
110,4114,健喬信元
72,6188,廣明光電
108,8076,伍豐科技
17,3374,精材
160,5351,鈺創科技
22,6274,台燿科技
36,6446,藥華藥
646,5701,劍湖山
73,8358,金居開發
210,6020,大展證券
31,4147,中裕
58,5425,台半
80,6125,廣運機械
43,4105,東洋藥品
137,8936,國統國際
344,6026,福邦證
238,8933,愛地雅
328,5864,致和證
54,3260,威剛科技
81,3078,僑威科技
10,5903,全家
89,5508,永信建設
240,4113,聯上實業
42,6547,高端疫苗
388,3710,連展投控
62,6589,台康生技
70,8908,欣雄
38,8086,宏捷科技
7,8299,群聯電子
116,5340,建榮工業
206,5514,三豐建設
253,8927,北基國際
385,5905,南仁湖
284,8059,凱碩
35,4174,浩鼎
9,6121,新普科技
102,3630,新鉅科
255,8121,越峰電子
136,6124,業強科技
686,5475,德宏工業
462,6129,普誠科技
605,5381,合正科技
107,8050,廣積
71,4506,崇友實業
66,6180,橘子
179,6509,聚和國際
445,5328,華容
399,3372,典範
67,6173,信昌電陶
185,5392,應華精密
48,5457,宣德
362,5498,凱崴
560,5355,佳總興業
79,8942,森鉅科技
442,5014,建錩實業
130,5443,均豪精密
326,8064,東捷科技
235,5465,富驊企業
547,5302,太欣半導
535,6167,久正光電
371,4207,環泰企業
287,5227,立凱-KY
391,4533,協易機械
550,8085,福華電子
273,5206,坤悅開發
300,5523,豐謙
299,6219,富旺
507,2641,正德
111,5309,系統電子
352,6185,幃翔精密
501,5452,佶優科技
390,6603,富強鑫
97,6290,良維科技
471,9950,萬國通路
60,3211,順達科技
94,4162,智擎
444,5426,振發實業
408,8096,擎亞
27,3227,原相科技
223,8234,新漢
320,6190,萬泰科技
112,6284,佳邦科技
278,1799,易威
93,3176,基亞
405,5324,士林開發
254,6175,立敦科技
228,3265,台星科
138,8938,明安國際
82,8917,欣泰
201,5013,強新工業
322,3294,英濟
222,6220,岳豐科技
141,8916,光隆
205,6186,新潤興業
113,6261,久元電子
154,4726,永昕
65,5478,智冠
262,6126,信音企業
315,3162,精確
24,5306,桂盟國際
86,5609,中菲行
159,8042,金山電子
369,6163,華電聯網
302,5450,南良
203,8931,大園汽電
324,8183,台灣精星
420,3188,鑫龍騰
251,4401,東隆興業
246,4979,華星光
384,8905,裕國
215,1569,濱川企業
303,8049,晶采光電
157,8383,千附實業
21,8436,大江
625,6265,方土昶
213,4907,富宇地產
105,6245,立端科技
184,6535,順藥
230,3624,光頡科技
272,3202,樺晟電子
64,8044,網路家庭
265,6101,寬魚國際
461,4714,永捷
121,8349,矬
624,6264,富裔
218,5511,德昌營造
482,5438,東友
173,6208,日揚科技
198,3362,先進光
295,3071,協禧電機
604,8077,洛砦篞~
751,3095,及成
373,8111,立砦q子
101,5604,中連貨運
187,8403,盛弘
335,6127,九豪精密
511,4510,高鋒工業
231,4130,健亞
644,3230,錦明實業
264,8182,加高電子
146,4192,杏國
446,5315,光聯科技
292,8390,金益鼎
472,4729,熒茂光學
270,5356,協益電子
249,5489,彩富電子
313,3221,台灣嘉碩
404,3508,位速
120,6212,理銘科技
88,6576,逸達
190,1752,南光
364,6461,益得
263,3144,新揚科
293,6234,高僑
237,8240,華宏新技
332,2596,綠意開發
96,6279,胡連精密
449,3290,東浦
377,6266,泰詠電子
508,3313,斐成企業
416,4939,亞電
8,5904,寶雅國際
281,4168,醣聯
55,8406,金可-KY
629,3322,建舜電子
569,5301,寶得利
289,5490,同亨科技
316,3303,岱稜
430,5902,德記洋行
584,6134,萬旭電業
503,3523,迎輝科技
151,3289,宜特科技
423,4909,新復興
359,3236,千如電機
34,6146,耕興
41,4736,泰博
675,8277,商丞科技
691,5488,松普科技
95,8255,朋程
168,4991,環宇-KY
28,3081,聯亞
90,6223,旺矽科技
590,6118,建達國際
119,6104,創惟科技
323,3363,上詮
660,4903,聯光通信
619,9962,有益鋼鐵
100,6411,晶焱
77,3217,優群科技
425,6170,統振
30,6492,生華科
640,4534,慶騰精密
372,8099,大世科
653,5529,志嘉建設
754,8080,永利聯合
37,3324,雙鴻科技
437,8074,鉅橡
305,4944,兆遠
169,4120,友華生技
182,3083,中華網龍
194,5439,高技企業
400,5410,國眾電腦
59,3552,同致電子
283,6508,惠光
134,8444,綠河-KY
659,8935,邦泰
139,4152,台微體
122,8027,鈦昇
317,3512,皇龍
275,4417,金洲製網
221,1586,和勤
349,6207,雷科
145,8924,大田精密
117,6187,萬潤
562,3489,森寶
688,3066,李洲科技
259,6143,振曜科技
638,4529,淳紳
176,3088,艾訊
617,1584,精剛精密
489,6506,雙邦實業
522,3625,西勝
57,5289,宜鼎
123,1597,直得
5,4966,譜瑞-KY
104,4205,中華食品
559,8930,青鋼
200,3092,鴻碩精密
458,6156,松上
225,3323,加百裕
558,6154,順發電腦
465,3685,元創精密
341,3511,矽瑪科技
135,6203,海韻電子
192,3631,晟楠
345,8043,蜜望實
356,6233,旺玖科技
368,3709,鑫聯大投控
212,6237,驊訊電子
530,5344,立衛科技
402,5383,金利
294,4933,友輝
487,4121,優盛醫學
497,4706,大恭化學
477,6161,捷波資訊
476,8354,冠好
276,4129,聯合骨科
572,8418,捷必勝-KY
389,5603,陸海交通
307,4908,前鼎光電
227,3713,新晶投控
301,4745,合富-KY
282,1599,宏佳騰
451,1336,台翰
662,4513,福裕事業
211,4528,江興鍛壓
330,4527,方土霖
40,3218,大學光學
257,6227,茂綸
14,3529,力旺電子
767,8291,尚茂
260,3234,光環
39,3680,家登
353,4535,至興精機
395,6171,亞銳士
164,3163,波若威
539,4716,大立
483,8107,大億金茂
505,5353,台林電通
172,4721,美琪瑪
124,9951,皇田工業
365,3325,旭品
406,4173,久裕
290,6179,亞通利大
156,3388,崇越電通
474,3663,鑫科
525,5481,新華
125,6138,茂達電子
331,3402,漢科
128,3526,凡甲科技
155,8109,博大科技
148,4126,太平洋醫
634,3522,御頂
195,4974,亞泰
673,8176,智捷
517,8937,合騏
403,6609,瀧澤科技
575,4702,中美實
484,6270,倍微科技
439,1742,台蠟
668,4712,南璋
63,6462,神盾
627,5464,霖宏科技
613,6122,擎邦國際
506,8054,安國國際
149,3483,力致科技
11,3293,鈊象電子
432,5703,亞都麗緻
26,6561,是方
207,3479,安勤
606,3354,律勝
398,4303,信立
495,6275,元山科技
261,3484,崧騰
656,3276,宇環科技
354,3689,湧德
596,2064,晉椿
74,4107,邦特生技
23,3152,璟德電子
516,4109,加捷生醫
567,3360,尚立
348,8068,全達國際
531,8040,九暘
637,6160,欣技資訊
498,3615,安可光電
626,8289,泰藝電子
774,2724,富驛-KY
435,3594,磐儀
118,3228,金麗科
499,4541,晟田
585,3390,旭軟電子
51,6803,崑鼎投控
183,8084,巨虹電子
126,4953,緯軟
436,3171,新洲全球
163,3540,曜越
175,6499,益安
671,4198,欣大健康
367,3141,晶宏
527,5455,昇益
325,6217,中國探針
412,5601,台聯貨櫃
298,3259,鑫創科技
196,3226,至寶光電
519,6218,豪勉科技
704,8093,保銳科技
229,3498,陽程
566,5102,富強輪胎
422,4523,永彰機電
61,3691,碩禾
460,4973,廣穎
541,8034,榮群電訊
464,4931,新盛力
216,5403,中菲
191,6263,普萊德
144,3587,閎康科技
674,5210,寶碩
628,6199,天品
370,4153,鈺緯
247,3455,由田新技
297,3317,尼克森
649,5460,同協電子
486,3531,先益電子
618,4711,永純
454,8088,品安科技
645,3466,致振企業
180,3491,昇達科技
357,5015,華祺工業
512,8476,台境
693,6247,淇譽電子
274,5520,力泰建設
153,6438,迅得
181,3548,兆利科技
528,3089,元炬
204,5312,寶島科
661,8401,白紗科技
150,4416,三圓建設
355,6194,育富電子
748,5314,世紀民生
319,8038,長園科
236,3556,禾瑞亞
632,6109,亞元科技
459,3564,其陽
600,5202,力新國際
543,3114,好德科技
310,4803,VHQ-KY
314,6123,上奇科技
267,3213,茂訊電腦
648,2061,風青
463,4561,健椿
170,6111,大宇資訊
256,3224,三顧
537,3191,和進電子
743,6103,合邦電子
407,3490,單井
479,4111,濟生
598,4543,萬在
252,3551,世禾科技
166,2640,大車隊
581,5272,笙科
258,8089,康全電訊
485,4430,耀億
623,3284,太普高
133,5263,智崴
351,4911,德英
510,6151,晉倫科技
396,4305,世坤塑膠
226,6664,群翊
697,3499,環天科技
397,4563,百德
699,8421,旭源
603,2916,滿心企業
208,4728,雙美
69,5536,聖暉
409,3206,志豐電子
243,3272,東碩
418,3537,堡達
546,4188,安克
162,6469,大樹
140,8446,華研
448,8048,德勝科技
431,3577,泓格科技
429,6158,禾昌興業
488,4161,聿新科
360,8433,弘帆
733,4406,新昕纖維
685,8071,能率網通
536,8032,光菱電子
248,3541,西柏科技
655,1570,力肯實業
502,8450,霹靂
701,3664,安瑞-KY
329,6221,晉泰科技
577,3581,博磊
509,8420,明揚
453,8928,鉅明
279,4502,健信科技
347,8171,天宇
593,3306,鼎天國際
630,3516,亞帝歐
620,4432,銘旺實
533,8929,富堡工業
635,4538,大詠城
52,1565,精華光學
669,8426,紅木-KY
188,1580,新麥
452,3310,佳穎精密
611,3252,海灣
726,6113,亞矽科技
678,6174,安眲鴔
556,5398,慕康生醫
129,8155,博智
379,1784,訊聯
457,5016,松和工業
639,5310,天剛資訊
380,3169,亞信電子
161,3558,神準
677,2736,高野
18,6732,昇佳電子
622,3520,華盈
592,8932,宏大
382,3666,光耀
746,4131,晶宇生技
158,4163,鐿鈦
419,3332,幸康電子
745,4609,唐鋒實業
91,8437,大地-KY
730,5345,天揚
521,1781,合世生醫
202,2926,誠品生活
491,2928,紅馬-KY
440,4744,皇將
340,3438,類比科
456,1595,川寶
587,3652,精聯電子
680,9949,琉園
601,6148,驊宏資通
529,5230,雷笛克光學
428,6292,迅德興業
343,4433,興采
724,3521,鴻翊
478,6496,科懋
597,1813,寶利徠
663,8921,沈氏印刷
311,8284,三竹
696,4530,宏易
363,6195,詩肯
765,4402,福大材料
224,3546,宇峻奧汀
717,4950,牧東
708,4127,天良
242,8091,翔名科技
739,8024,佑華微電
742,2067,嘉鋼
338,3178,公準
266,6523,達爾膚
387,3628,盈正
468,2063,世鎧精密
469,5245,智晶
219,2754,亞洲藏壽司
285,6150,撼訊科技
475,4116,明基醫
241,8431,匯鑽科
186,3527,聚積
220,3675,德微
609,3285,微端
447,3287,廣寰科
571,6114,久威國際
732,3207,耀勝電子
672,3115,寶島極光
376,6425,易發
177,3373,熱映光電
740,3339,泰谷光電
665,4804,大略-KY
245,5223,安力-KY
588,2718,晶悅
83,5287,數字
308,4139,馬光-KY
99,3611,鼎翰科技
239,4549,桓達
591,5011,久陽精密
548,4102,永日化工
568,2221,大甲
383,2065,世豐
339,6542,隆中
705,3128,昇銳電子
749,4806,昇華
443,4556,旭然
410,4995,晶達
725,8047,星雲電腦
75,6472,保瑞
375,5493,三聯科技
85,6679,鈺太
719,3632,研勤科技
167,2732,六角
127,4171,瑞基
682,6222,上揚科技
564,4420,光明
580,3441,聯一光
702,2230,泰茂
288,6667,信紘科
538,4972,湯石照明
426,5220,萬達光電
707,5276,達輝-KY
413,3580,友威科
570,6485,點序
615,3646,艾恩特
666,4503,金雨企業
199,4580,捷流閥業
480,3444,利機企業
762,3085,新零售
492,5704,老爺知
756,8092,建暐精密
250,6516,勤崴國際
189,6426,統新
394,3693,營邦
115,6441,廣錠
291,8432,東生華
599,6140,訊達電腦
721,3122,笙泉
694,5516,雙喜
695,6144,得利影視
755,2719,燦星旅
271,6577,勁豐
209,6231,系微
736,3379,彬台
607,5291,邑昇
642,8440,綠電
614,4550,長佳
131,4735,豪展
350,8489,三貝德
152,1268,漢來美食
778,6404,通訊-KY
109,6538,倉和
727,4924,欣厚-KY
576,5281,大峽谷-KY
761,6228,全譜科技
269,6486,互動
178,1788,杏昌生技
728,3297,杭特電子
718,1258,其祥-KY
438,8410,森田印刷
667,3232,昱捷
312,2726,雅茗-KY
386,4971,IET-KY
374,2066,世德
490,3093,台灣港建
381,8424,惠普
780,4304,勝昱科技
415,2235,謚源
612,2070,精湛
401,6532,瑞耘
337,5543,桓鼎-KY
641,6229,研通科技
306,6417,韋僑
714,4419,元勝
532,3555,重鵬
703,3492,長盛
286,6629,泰金-KY
738,5251,天鉞電
193,5299,杰力
654,3597,映興
114,8083,瑞穎
466,6210,慶生電子
333,1240,茂生農經
470,3219,倚強股份
504,5321,友銓電子
424,5212,凌網科技
711,6418,詠昇
709,3642,駿熠電
553,4429,聚紡
13,5274,信驊
608,3567,逸昌
676,8906,花王企業
573,3147,大綜
165,6613,朋億
689,6530,創威
358,6612,奈米醫材
98,5474,聰泰科技
92,1264,德麥
579,9960,邁達康
392,8342,益張
692,3268,海德威
217,6435,大中
427,6654,天正國際
651,1591,駿吉-KY
557,6649,台生材
554,6465,威潤
552,2937,集雅社
586,4741,泓瀚
636,2924,東凌-KY
29,6510,精測
540,3205,佰研生化
411,6470,宇智
657,3672,康聯訊
414,4905,台聯電訊
583,3118,進階
321,1259,安心
280,3629,地心引力
171,3465,進泰電子
729,2743,山富
722,5211,蒙恬科技
361,1593,祺驊
434,8435,鉅邁
759,6236,康呈
327,4175,杏一
545,6494,九齊
589,6276,安鈦克
679,4767,誠泰科技
523,6642,富致
78,6643,M31
706,4413,飛寶企業
690,6246,臺龍電子
561,3609,東林科技
633,6248,沛波
551,5201,凱衛資訊
296,4760,勤凱
520,8147,正淩
524,8941,關中
731,8923,時報出版
336,4568,科際精密
752,2734,易飛網
433,8066,來思達
700,6578,達邦蛋白
582,6570,維田
514,3687,歐買尬
309,1777,生泰合成
534,4747,強生
467,6514,芮特-KY
421,2643,捷迅
455,4138,曜亞國際
473,6596,寬宏藝術
763,8067,志旭國際
346,6457,紘康
643,6130,星寶國際
734,2745,五福
68,3131,弘塑科技
735,3623,富晶通
771,8087,華鎂鑫
574,3067,全域
493,6556,勝品
684,4542,科嶠
494,6640,均華
549,6432,今展科
233,8416,實威
712,8409,商之器
687,1796,金穎生技
214,6569,醫揚
555,6697,東捷資訊
244,8279,生展
84,6683,雍智科技
715,6291,沛亨半導
565,3064,泰偉電子
366,6588,東典光電
757,8097,常珵科技
496,3426,台興
777,5348,系通科技
595,6662,樂斯科
232,6568,宏觀
713,8455,大拓-KY
515,4987,科誠
526,5878,台名
750,6512,啟發電
563,8477,創業家
610,3684,榮昌
631,4154,康樂-KY
513,6527,明達醫
681,4160,創源
720,4183,福永生技
650,6241,易通展
670,7402,邑錡
621,5487,通泰
658,6616,特昇-KY
664,5386,青雲國際
417,5209,新鼎系統
277,6294,智基科技
716,6169,昱泉國際
143,2729,瓦城
334,6204,台灣艾華
744,8423,保綠-KY
758,6240,松崗
753,3434,哲固資訊
769,3288,點晶科技
197,2752,豆府
450,6716,應廣
616,6242,立康
500,6574,霈方
602,4754,國碳科技
342,7556,意德士
698,4554,橙的
518,6615,慧智
318,6703,軒郁
747,5432,達威光電
683,6594,展匯科
710,6593,台灣銘板
764,6198,凌泰科技
776,5468,凱鈺科技
544,6680,鑫創電子
779,5205,中茂
578,6590,普鴻
594,8916A,光隆甲特
652,6624,萬年清
647,8472,夠麻吉
441,6560,欣普羅
737,6482,弘煜科
481,3570,大塚資訊
268,6690,安硌穈T
773,6259,百徽
393,5278,尚凡
772,5364,力麗店
768,4946,紅心辣椒
760,3086,華義國際
770,2740,天蔥
775,6419,京晨科
723,4129A,聯合甲特
741,8349A,矬ㄔ玼S
